Character,Level,HP,ATK,DEF,EM,ER%,Crit_Rate%,Crit_DMG%,Element,Elem_Bonus%,Total_CV,Weapon_Refine
Furina,95,33975,1124,825,0,106.5,96.1,273.4,Hydro,46.6,216.90000000000003,3
ID_10000007,90,10925,1747,909,118,141.6,60.2,117.6,Anemo,46.6,115.7,1
Hu Tao,90,29931,491,1074,93,115.5,57.5,178.6,Pyro,61.6,132.8,1
Emilie,90,19833,2095,921,0,123.3,89.8,219.0,Dendro,46.6,171.8,1
Chiori,90,18258,1058,2214,0,100.0,75.1,222.6,Geo,46.6,169.60000000000002,5
Skirk,90,20290,1740,1108,0,122.7,58.3,317.3,Cryo,61.6,185.1,2
Varesa,90,20339,2239,933,0,110.4,101.9,165.0,Electro,46.6,163.9,1
