Character,Level,HP,ATK,DEF,EM,ER%,Crit_Rate%,Crit_DMG%,Element,Elem_Bonus%,Total_CV,Weapon_Refine
Furina,90,32369,1128,696,0,147.3,95.0,239.2,Hydro,46.6,180.2,1
Nahida,90,16914,1301,741,937,106.5,48.9,151.8,Dendro,15.0,127.4,1
Fischl,90,15124,1672,714,352,134.3,81.6,133.9,N/A,0.0,174.99999999999997,5
Yoimiya,90,17054,2030,692,21,100.0,87.2,172.0,Pyro,61.6,185.6,5
Chiori,90,16785,1492,1821,23,109.7,99.6,145.6,Geo,46.6,184.20000000000002,5
Varesa,90,19660,2334,839,70,122.0,89.5,160.1,Electro,46.6,134.39999999999998,1
Mualani,90,30479,1097,639,282,100.0,60.0,239.3,Hydro,46.6,110.2,1
Ineffa,90,20059,2077,930,114,120.0,94.0,192.2,N/A,0.0,146.1,1
