Character,Level,HP,ATK,DEF,EM,ER%,Crit_Rate%,Crit_DMG%,Element,Elem_Bonus%,Total_CV,Weapon_Refine
Neuvillette,90,43228,1134,632,86,121.4,50.1,182.5,N/A,0.0,122.1,2
Furina,90,37690,857,945,75,115.5,51.8,176.5,N/A,0.0,93.29999999999998,5
Kaedehara Kazuha,90,21371,1283,1021,1011,145.3,24.0,71.8,Anemo,15.0,59.800000000000004,1
Navia,90,19799,1966,1007,37,173.9,61.0,152.9,Geo,46.6,114.3,1
Chasca,90,20709,1582,742,110,128.5,70.9,223.7,N/A,0.0,132.1,1
Arlecchino,90,23174,1645,898,42,109.7,60.3,192.5,Pyro,46.6,105.6,2
Wriothesley,90,20942,1925,1095,58,105.8,66.7,159.9,Cryo,46.6,92.50000000000001,1
Raiden Shogun,90,18195,1654,884,19,259.3,56.5,124.6,Electro,110.3,99.4,1
Flins,90,19660,1934,1085,311,115.5,53.2,187.1,N/A,0.0,133.0,5
