Character,Level,HP,ATK,DEF,EM,ER%,Crit_Rate%,Crit_DMG%,Element,Elem_Bonus%,Total_CV,Weapon_Refine
Furina,100,35332,1204,788,21,109.7,98.5,261.8,Hydro,46.6,209.99999999999997,5
Skirk,90,17197,2247,878,61,122.0,71.4,226.0,Cryo,61.6,163.8,2
Ineffa,90,18496,2223,870,63,145.2,92.6,215.6,N/A,0.0,174.09999999999997,1
Arlecchino,90,18152,2337,909,105,104.5,95.5,194.1,Pyro,46.6,180.3,2
Columbina,90,39560,1052,622,80,114.9,74.0,262.6,N/A,0.0,161.79999999999998,1
Citlali,83,17807,1213,855,1077,181.0,15.5,73.3,N/A,0.0,44.3,1
Clorinde,90,18274,2277,998,0,115.5,77.8,236.1,Electro,46.6,167.1,1
Durin,81,19359,1411,839,128,229.6,44.5,100.8,N/A,0.0,29.199999999999996,5
