Character,Level,HP,ATK,DEF,EM,ER%,Crit_Rate%,Crit_DMG%,Element,Elem_Bonus%,Total_CV,Weapon_Refine
Furina,90,34094,1149,735,0,100.0,101.2,256.3,Hydro,46.6,209.9,5
Raiden Shogun,90,19958,2761,858,21,277.1,83.9,170.4,Electro,141.7,216.20000000000002,1
Columbina,90,37042,962,547,199,118.1,70.0,273.4,N/A,0.0,144.7,2
Arlecchino,90,18647,2185,939,40,105.8,78.4,234.5,Pyro,46.6,186.3,1
Yelan,90,26232,1149,566,0,197.0,93.0,243.9,Hydro,46.6,181.1,1
Citlali,90,17000,944,1083,913,174.1,16.7,62.4,N/A,0.0,35.800000000000004,1
Yae Miko,90,16539,2142,697,21,116.8,98.1,234.3,N/A,0.0,203.8,1
