Character,Level,HP,ATK,DEF,EM,ER%,Crit_Rate%,Crit_DMG%,Element,Elem_Bonus%,Total_CV,Weapon_Refine
Arlecchino,90,18391,2151,841,77,100.0,85.8,220.5,Pyro,46.6,187.29999999999998,1
Columbina,90,33400,881,567,33,204.8,75.9,233.8,N/A,0.0,144.6,1
Yelan,90,28193,1058,606,16,216.2,73.6,176.7,Hydro,46.6,163.3,1
Furina,90,37926,1146,758,23,177.7,57.6,189.9,N/A,0.0,144.5,3
ID_10000126,90,18775,1160,3025,103,105.8,53.2,220.5,N/A,0.0,166.4,1
Xilonen,81,18334,913,2706,23,179.0,11.2,69.4,N/A,0.0,31.799999999999997,1
Escoffier,90,18128,2640,995,140,154.2,82.7,114.5,N/A,0.0,103.3,1
Citlali,80,18611,764,1004,235,172.0,10.6,89.0,N/A,0.0,50.2,5
